조회날짜,연도,월,일,방위각_09시,방위각_12시,방위각_15시
20230101,2023,1,1,130.82,170.72,215.43
20230102,2023,1,2,130.67,170.58,215.38
20230103,2023,1,3,130.53,170.45,215.33
20230104,2023,1,4,130.38,170.3,215.28
20230105,2023,1,5,130.23,170.17,215.25
20230106,2023,1,6,130.08,170.03,215.2
20230107,2023,1,7,129.92,169.9,215.18
20230108,2023,1,8,129.77,169.77,215.15
20230109,2023,1,9,129.6,169.63,215.13
20230110,2023,1,10,129.43,169.5,215.12
20230111,2023,1,11,129.25,169.37,215.12
20230112,2023,1,12,129.08,169.23,215.12
20230113,2023,1,13,128.9,169.1,215.12
20230114,2023,1,14,128.72,168.97,215.13
20230115,2023,1,15,128.53,168.83,215.15
20230116,2023,1,16,128.35,168.72,215.17
20230117,2023,1,17,128.15,168.58,215.18
20230118,2023,1,18,127.97,168.45,215.22
20230119,2023,1,19,127.77,168.33,215.27
20230120,2023,1,20,127.57,168.2,215.3
20230121,2023,1,21,127.37,168.08,215.37
20230122,2023,1,22,127.17,167.95,215.42
20230123,2023,1,23,126.95,167.83,215.48
20230124,2023,1,24,126.75,167.72,215.55
20230125,2023,1,25,126.53,167.6,215.62
20230126,2023,1,26,126.33,167.48,215.7
20230127,2023,1,27,126.12,167.37,215.8
20230128,2023,1,28,125.9,167.25,215.88
20230129,2023,1,29,125.68,167.15,215.98
20230130,2023,1,30,125.47,167.03,216.1
20230131,2023,1,31,125.23,166.93,216.22
20230201,2023,2,1,125.02,166.82,216.33
20230202,2023,2,2,124.8,166.72,216.47
20230203,2023,2,3,124.57,166.62,216.6
20230204,2023,2,4,124.35,166.52,216.73
20230205,2023,2,5,124.12,166.42,216.88
20230206,2023,2,6,123.88,166.33,217.03
20230207,2023,2,7,123.65,166.23,217.2
20230208,2023,2,8,123.43,166.15,217.37
20230209,2023,2,9,123.2,166.05,217.53
20230210,2023,2,10,122.97,165.97,217.72
20230211,2023,2,11,122.72,165.88,217.9
20230212,2023,2,12,122.48,165.8,218.08
20230213,2023,2,13,122.25,165.72,218.28
20230214,2023,2,14,122.02,165.63,218.48
20230215,2023,2,15,121.78,165.57,218.7
20230216,2023,2,16,121.53,165.48,218.92
20230217,2023,2,17,121.3,165.42,219.13
20230218,2023,2,18,121.05,165.35,219.37
20230219,2023,2,19,120.82,165.28,219.6
20230220,2023,2,20,120.57,165.22,219.85
20230221,2023,2,21,120.32,165.15,220.08
20230222,2023,2,22,120.08,165.08,220.35
20230223,2023,2,23,119.83,165.02,220.6
20230224,2023,2,24,119.58,164.97,220.87
20230225,2023,2,25,119.33,164.92,221.13
20230226,2023,2,26,119.08,164.85,221.42
20230227,2023,2,27,118.85,164.8,221.7
20230228,2023,2,28,118.6,164.75,221.98
20230301,2023,3,1,118.35,164.7,222.28
20230302,2023,3,2,118.1,164.67,222.58
20230303,2023,3,3,117.85,164.62,222.88
20230304,2023,3,4,117.58,164.57,223.2
20230305,2023,3,5,117.33,164.53,223.52
20230306,2023,3,6,117.08,164.5,223.83
20230307,2023,3,7,116.83,164.45,224.17
20230308,2023,3,8,116.58,164.42,224.5
20230309,2023,3,9,116.32,164.38,224.83
20230310,2023,3,10,116.07,164.35,225.18
20230311,2023,3,11,115.8,164.32,225.52
20230312,2023,3,12,115.55,164.3,225.87
20230313,2023,3,13,115.28,164.27,226.23
20230314,2023,3,14,115.03,164.23,226.58
20230315,2023,3,15,114.77,164.2,226.95
20230316,2023,3,16,114.52,164.18,227.32
20230317,2023,3,17,114.25,164.15,227.7
20230318,2023,3,18,113.98,164.13,228.07
20230319,2023,3,19,113.72,164.1,228.45
20230320,2023,3,20,113.45,164.08,228.83
20230321,2023,3,21,113.18,164.07,229.23
20230322,2023,3,22,112.92,164.03,229.62
20230323,2023,3,23,112.65,164.02,230.02
20230324,2023,3,24,112.38,164.0,230.42
20230325,2023,3,25,112.12,163.97,230.82
20230326,2023,3,26,111.83,163.95,231.22
20230327,2023,3,27,111.57,163.93,231.62
20230328,2023,3,28,111.28,163.9,232.03
20230329,2023,3,29,111.02,163.88,232.45
20230330,2023,3,30,110.73,163.87,232.85
20230331,2023,3,31,110.47,163.85,233.27
20230401,2023,4,1,110.18,163.82,233.68
20230402,2023,4,2,109.92,163.8,234.12
20230403,2023,4,3,109.63,163.77,234.53
20230404,2023,4,4,109.35,163.75,234.95
20230405,2023,4,5,109.07,163.72,235.38
20230406,2023,4,6,108.78,163.68,235.8
20230407,2023,4,7,108.5,163.67,236.23
20230408,2023,4,8,108.22,163.63,236.65
20230409,2023,4,9,107.93,163.6,237.08
20230410,2023,4,10,107.65,163.57,237.52
20230411,2023,4,11,107.37,163.52,237.93
20230412,2023,4,12,107.07,163.48,238.37
20230413,2023,4,13,106.78,163.43,238.78
20230414,2023,4,14,106.5,163.4,239.22
20230415,2023,4,15,106.2,163.35,239.63
20230416,2023,4,16,105.92,163.3,240.07
20230417,2023,4,17,105.62,163.23,240.48
20230418,2023,4,18,105.33,163.18,240.92
20230419,2023,4,19,105.03,163.12,241.33
20230420,2023,4,20,104.73,163.05,241.75
20230421,2023,4,21,104.45,162.98,242.17
20230422,2023,4,22,104.15,162.9,242.58
20230423,2023,4,23,103.87,162.83,242.98
20230424,2023,4,24,103.57,162.75,243.4
20230425,2023,4,25,103.27,162.65,243.8
20230426,2023,4,26,102.98,162.57,244.22
20230427,2023,4,27,102.68,162.47,244.62
20230428,2023,4,28,102.38,162.37,245.0
20230429,2023,4,29,102.1,162.27,245.4
20230430,2023,4,30,101.8,162.15,245.78
20230501,2023,5,1,101.52,162.03,246.17
20230502,2023,5,2,101.23,161.92,246.55
20230503,2023,5,3,100.93,161.78,246.93
20230504,2023,5,4,100.65,161.65,247.3
20230505,2023,5,5,100.37,161.5,247.67
20230506,2023,5,6,100.08,161.37,248.03
20230507,2023,5,7,99.8,161.2,248.38
20230508,2023,5,8,99.52,161.05,248.75
20230509,2023,5,9,99.23,160.88,249.08
20230510,2023,5,10,98.95,160.7,249.43
20230511,2023,5,11,98.68,160.53,249.77
20230512,2023,5,12,98.4,160.35,250.08
20230513,2023,5,13,98.13,160.15,250.42
20230514,2023,5,14,97.87,159.95,250.72
20230515,2023,5,15,97.6,159.75,251.03
20230516,2023,5,16,97.33,159.53,251.33
20230517,2023,5,17,97.08,159.32,251.62
20230518,2023,5,18,96.82,159.08,251.9
20230519,2023,5,19,96.57,158.85,252.18
20230520,2023,5,20,96.32,158.62,252.45
20230521,2023,5,21,96.08,158.37,252.72
20230522,2023,5,22,95.83,158.13,252.97
20230523,2023,5,23,95.6,157.87,253.22
20230524,2023,5,24,95.37,157.62,253.45
20230525,2023,5,25,95.15,157.35,253.68
20230526,2023,5,26,94.92,157.08,253.9
20230527,2023,5,27,94.7,156.82,254.12
20230528,2023,5,28,94.5,156.55,254.32
20230529,2023,5,29,94.28,156.27,254.52
20230530,2023,5,30,94.08,155.98,254.7
20230531,2023,5,31,93.9,155.72,254.87
20230601,2023,6,1,93.72,155.43,255.03
20230602,2023,6,2,93.53,155.15,255.18
20230603,2023,6,3,93.35,154.87,255.33
20230604,2023,6,4,93.18,154.58,255.47
20230605,2023,6,5,93.02,154.3,255.6
20230606,2023,6,6,92.87,154.03,255.72
20230607,2023,6,7,92.72,153.75,255.82
20230608,2023,6,8,92.57,153.48,255.92
20230609,2023,6,9,92.43,153.22,256.0
20230610,2023,6,10,92.32,152.95,256.07
20230611,2023,6,11,92.18,152.68,256.13
20230612,2023,6,12,92.07,152.43,256.2
20230613,2023,6,13,91.97,152.18,256.23
20230614,2023,6,14,91.87,151.93,256.27
20230615,2023,6,15,91.78,151.7,256.28
20230616,2023,6,16,91.7,151.48,256.3
20230617,2023,6,17,91.62,151.27,256.3
20230618,2023,6,18,91.55,151.05,256.3
20230619,2023,6,19,91.48,150.85,256.28
20230620,2023,6,20,91.43,150.67,256.25
20230621,2023,6,21,91.4,150.48,256.22
20230622,2023,6,22,91.37,150.32,256.17
20230623,2023,6,23,91.33,150.17,256.1
20230624,2023,6,24,91.32,150.02,256.03
20230625,2023,6,25,91.3,149.9,255.95
20230626,2023,6,26,91.3,149.78,255.87
20230627,2023,6,27,91.3,149.68,255.77
20230628,2023,6,28,91.32,149.58,255.65
20230629,2023,6,29,91.35,149.52,255.53
20230630,2023,6,30,91.38,149.45,255.4
20230701,2023,7,1,91.42,149.4,255.27
20230702,2023,7,2,91.47,149.37,255.12
20230703,2023,7,3,91.52,149.35,254.97
20230704,2023,7,4,91.58,149.35,254.8
20230705,2023,7,5,91.65,149.35,254.63
20230706,2023,7,6,91.73,149.37,254.45
20230707,2023,7,7,91.83,149.4,254.25
20230708,2023,7,8,91.92,149.45,254.07
20230709,2023,7,9,92.03,149.52,253.85
20230710,2023,7,10,92.15,149.58,253.65
20230711,2023,7,11,92.27,149.68,253.42
20230712,2023,7,12,92.4,149.77,253.2
20230713,2023,7,13,92.53,149.88,252.97
20230714,2023,7,14,92.68,150.02,252.72
20230715,2023,7,15,92.83,150.15,252.47
20230716,2023,7,16,92.98,150.3,252.22
20230717,2023,7,17,93.15,150.45,251.97
20230718,2023,7,18,93.33,150.62,251.7
20230719,2023,7,19,93.52,150.8,251.43
20230720,2023,7,20,93.7,150.98,251.15
20230721,2023,7,21,93.9,151.18,250.88
20230722,2023,7,22,94.12,151.4,250.6
20230723,2023,7,23,94.32,151.62,250.32
20230724,2023,7,24,94.53,151.85,250.02
20230725,2023,7,25,94.77,152.08,249.73
20230726,2023,7,26,95.0,152.33,249.43
20230727,2023,7,27,95.23,152.58,249.13
20230728,2023,7,28,95.48,152.85,248.83
20230729,2023,7,29,95.73,153.12,248.53
20230730,2023,7,30,96.0,153.38,248.22
20230731,2023,7,31,96.27,153.67,247.92
20230801,2023,8,1,96.53,153.95,247.62
20230802,2023,8,2,96.82,154.25,247.3
20230803,2023,8,3,97.1,154.53,246.98
20230804,2023,8,4,97.38,154.83,246.68
20230805,2023,8,5,97.68,155.15,246.37
20230806,2023,8,6,97.98,155.45,246.05
20230807,2023,8,7,98.28,155.77,245.73
20230808,2023,8,8,98.6,156.08,245.43
20230809,2023,8,9,98.92,156.4,245.12
20230810,2023,8,10,99.23,156.72,244.8
20230811,2023,8,11,99.57,157.05,244.5
20230812,2023,8,12,99.88,157.37,244.18
20230813,2023,8,13,100.23,157.7,243.87
20230814,2023,8,14,100.57,158.03,243.57
20230815,2023,8,15,100.92,158.35,243.25
20230816,2023,8,16,101.25,158.68,242.95
20230817,2023,8,17,101.6,159.02,242.65
20230818,2023,8,18,101.97,159.35,242.33
20230819,2023,8,19,102.32,159.68,242.03
20230820,2023,8,20,102.68,160.0,241.73
20230821,2023,8,21,103.05,160.33,241.43
20230822,2023,8,22,103.42,160.67,241.15
20230823,2023,8,23,103.8,161.0,240.85
20230824,2023,8,24,104.17,161.33,240.57
20230825,2023,8,25,104.55,161.65,240.27
20230826,2023,8,26,104.93,161.98,239.98
20230827,2023,8,27,105.32,162.3,239.7
20230828,2023,8,28,105.7,162.63,239.42
20230829,2023,8,29,106.08,162.95,239.13
20230830,2023,8,30,106.48,163.27,238.87
20230831,2023,8,31,106.87,163.58,238.58
20230901,2023,9,1,107.27,163.9,238.32
20230902,2023,9,2,107.67,164.22,238.05
20230903,2023,9,3,108.05,164.52,237.78
20230904,2023,9,4,108.45,164.82,237.52
20230905,2023,9,5,108.85,165.13,237.25
20230906,2023,9,6,109.25,165.42,237.0
20230907,2023,9,7,109.65,165.72,236.73
20230908,2023,9,8,110.05,166.02,236.48
20230909,2023,9,9,110.45,166.3,236.22
20230910,2023,9,10,110.85,166.58,235.97
20230911,2023,9,11,111.27,166.87,235.72
20230912,2023,9,12,111.67,167.15,235.47
20230913,2023,9,13,112.07,167.42,235.23
20230914,2023,9,14,112.47,167.68,234.98
20230915,2023,9,15,112.87,167.95,234.75
20230916,2023,9,16,113.27,168.22,234.5
20230917,2023,9,17,113.67,168.48,234.27
20230918,2023,9,18,114.07,168.73,234.03
20230919,2023,9,19,114.47,168.98,233.8
20230920,2023,9,20,114.87,169.22,233.57
20230921,2023,9,21,115.25,169.47,233.33
20230922,2023,9,22,115.65,169.7,233.1
20230923,2023,9,23,116.03,169.93,232.88
20230924,2023,9,24,116.43,170.17,232.65
20230925,2023,9,25,116.82,170.38,232.43
20230926,2023,9,26,117.2,170.6,232.2
20230927,2023,9,27,117.58,170.82,231.98
20230928,2023,9,28,117.97,171.02,231.77
20230929,2023,9,29,118.35,171.23,231.55
20230930,2023,9,30,118.72,171.43,231.33
20231001,2023,10,1,119.1,171.62,231.12
20231002,2023,10,2,119.47,171.82,230.9
20231003,2023,10,3,119.83,172.0,230.68
20231004,2023,10,4,120.2,172.18,230.48
20231005,2023,10,5,120.55,172.35,230.27
20231006,2023,10,6,120.92,172.52,230.05
20231007,2023,10,7,121.27,172.68,229.85
20231008,2023,10,8,121.62,172.85,229.63
20231009,2023,10,9,121.97,173.0,229.43
20231010,2023,10,10,122.3,173.15,229.22
20231011,2023,10,11,122.65,173.3,229.02
20231012,2023,10,12,122.98,173.43,228.8
20231013,2023,10,13,123.3,173.57,228.6
20231014,2023,10,14,123.63,173.7,228.4
20231015,2023,10,15,123.95,173.82,228.18
20231016,2023,10,16,124.27,173.93,227.98
20231017,2023,10,17,124.58,174.05,227.78
20231018,2023,10,18,124.88,174.17,227.57
20231019,2023,10,19,125.18,174.27,227.37
20231020,2023,10,20,125.48,174.37,227.17
20231021,2023,10,21,125.78,174.47,226.97
20231022,2023,10,22,126.07,174.55,226.77
20231023,2023,10,23,126.35,174.63,226.57
20231024,2023,10,24,126.62,174.72,226.37
20231025,2023,10,25,126.88,174.78,226.17
20231026,2023,10,26,127.15,174.87,225.97
20231027,2023,10,27,127.42,174.93,225.77
20231028,2023,10,28,127.67,174.98,225.57
20231029,2023,10,29,127.92,175.03,225.37
20231030,2023,10,30,128.15,175.1,225.17
20231031,2023,10,31,128.4,175.13,224.97
20231101,2023,11,1,128.62,175.18,224.77
20231102,2023,11,2,128.85,175.22,224.58
20231103,2023,11,3,129.07,175.25,224.38
20231104,2023,11,4,129.28,175.27,224.18
20231105,2023,11,5,129.48,175.3,223.98
20231106,2023,11,6,129.68,175.32,223.78
20231107,2023,11,7,129.88,175.33,223.6
20231108,2023,11,8,130.07,175.33,223.4
20231109,2023,11,9,130.25,175.33,223.2
20231110,2023,11,10,130.42,175.33,223.02
20231111,2023,11,11,130.58,175.33,222.82
20231112,2023,11,12,130.75,175.32,222.63
20231113,2023,11,13,130.9,175.3,222.43
20231114,2023,11,14,131.05,175.28,222.25
20231115,2023,11,15,131.2,175.27,222.05
20231116,2023,11,16,131.33,175.23,221.87
20231117,2023,11,17,131.45,175.2,221.67
20231118,2023,11,18,131.58,175.17,221.48
20231119,2023,11,19,131.7,175.13,221.3
20231120,2023,11,20,131.8,175.08,221.12
20231121,2023,11,21,131.92,175.03,220.93
20231122,2023,11,22,132.0,174.98,220.75
20231123,2023,11,23,132.1,174.93,220.57
20231124,2023,11,24,132.18,174.88,220.38
20231125,2023,11,25,132.25,174.82,220.22
20231126,2023,11,26,132.33,174.75,220.03
20231127,2023,11,27,132.38,174.68,219.87
20231128,2023,11,28,132.45,174.62,219.68
20231129,2023,11,29,132.5,174.53,219.52
20231130,2023,11,30,132.55,174.47,219.35
20231201,2023,12,1,132.58,174.38,219.18
20231202,2023,12,2,132.62,174.3,219.02
20231203,2023,12,3,132.63,174.2,218.85
20231204,2023,12,4,132.65,174.12,218.68
20231205,2023,12,5,132.67,174.02,218.53
20231206,2023,12,6,132.68,173.92,218.37
20231207,2023,12,7,132.68,173.83,218.22
20231208,2023,12,8,132.67,173.72,218.07
20231209,2023,12,9,132.65,173.62,217.92
20231210,2023,12,10,132.63,173.52,217.77
20231211,2023,12,11,132.62,173.4,217.63
20231212,2023,12,12,132.58,173.28,217.48
20231213,2023,12,13,132.55,173.18,217.35
20231214,2023,12,14,132.5,173.07,217.22
20231215,2023,12,15,132.45,172.95,217.08
20231216,2023,12,16,132.4,172.82,216.95
20231217,2023,12,17,132.35,172.7,216.83
20231218,2023,12,18,132.28,172.58,216.72
20231219,2023,12,19,132.22,172.45,216.58
20231220,2023,12,20,132.13,172.33,216.48
20231221,2023,12,21,132.05,172.2,216.37
20231222,2023,12,22,131.97,172.07,216.27
20231223,2023,12,23,131.88,171.95,216.17
20231224,2023,12,24,131.78,171.82,216.07
20231225,2023,12,25,131.68,171.68,215.97
20231226,2023,12,26,131.58,171.55,215.88
20231227,2023,12,27,131.47,171.42,215.8
20231228,2023,12,28,131.35,171.28,215.72
20231229,2023,12,29,131.23,171.15,215.65
20231230,2023,12,30,131.1,171.02,215.57
20231231,2023,12,31,130.98,170.88,215.5
20240101,2024,1,1,130.85,170.75,215.45
20240102,2024,1,2,130.7,170.62,215.38
20240103,2024,1,3,130.57,170.48,215.33
20240104,2024,1,4,130.42,170.33,215.3
20240105,2024,1,5,130.27,170.2,215.25
20240106,2024,1,6,130.12,170.07,215.22
20240107,2024,1,7,129.95,169.93,215.18
20240108,2024,1,8,129.8,169.8,215.15
20240109,2024,1,9,129.63,169.67,215.13
20240110,2024,1,10,129.47,169.53,215.12
20240111,2024,1,11,129.28,169.4,215.12
20240112,2024,1,12,129.12,169.27,215.12
20240113,2024,1,13,128.93,169.13,215.12
20240114,2024,1,14,128.75,169.0,215.12
20240115,2024,1,15,128.57,168.87,215.13
20240116,2024,1,16,128.38,168.73,215.15
20240117,2024,1,17,128.2,168.6,215.18
20240118,2024,1,18,128.0,168.48,215.22
20240119,2024,1,19,127.8,168.35,215.25
20240120,2024,1,20,127.62,168.23,215.3
20240121,2024,1,21,127.42,168.1,215.35
20240122,2024,1,22,127.2,167.98,215.4
20240123,2024,1,23,127.0,167.87,215.47
20240124,2024,1,24,126.8,167.73,215.53
20240125,2024,1,25,126.58,167.62,215.6
20240126,2024,1,26,126.38,167.5,215.68
20240127,2024,1,27,126.17,167.4,215.77
20240128,2024,1,28,125.95,167.28,215.87
20240129,2024,1,29,125.73,167.17,215.97
20240130,2024,1,30,125.52,167.07,216.07
20240131,2024,1,31,125.3,166.95,216.18
20240201,2024,2,1,125.07,166.85,216.3
20240202,2024,2,2,124.85,166.75,216.43
20240203,2024,2,3,124.62,166.63,216.57
20240204,2024,2,4,124.4,166.53,216.7
20240205,2024,2,5,124.17,166.45,216.85
20240206,2024,2,6,123.93,166.35,217.0
20240207,2024,2,7,123.72,166.25,217.15
20240208,2024,2,8,123.48,166.17,217.32
20240209,2024,2,9,123.25,166.07,217.48
20240210,2024,2,10,123.02,165.98,217.67
20240211,2024,2,11,122.78,165.9,217.85
20240212,2024,2,12,122.53,165.82,218.03
20240213,2024,2,13,122.3,165.73,218.23
20240214,2024,2,14,122.07,165.65,218.43
20240215,2024,2,15,121.83,165.57,218.65
20240216,2024,2,16,121.58,165.5,218.85
20240217,2024,2,17,121.35,165.43,219.08
20240218,2024,2,18,121.1,165.35,219.3
20240219,2024,2,19,120.87,165.28,219.53
20240220,2024,2,20,120.62,165.22,219.78
20240221,2024,2,21,120.38,165.15,220.03
20240222,2024,2,22,120.13,165.1,220.28
20240223,2024,2,23,119.88,165.03,220.53
20240224,2024,2,24,119.65,164.98,220.8
20240225,2024,2,25,119.4,164.92,221.07
20240226,2024,2,26,119.15,164.87,221.35
20240227,2024,2,27,118.9,164.82,221.63
20240228,2024,2,28,118.65,164.77,221.92
20240229,2024,2,29,118.4,164.72,222.22
20240301,2024,3,1,118.15,164.67,222.52
20240302,2024,3,2,117.9,164.63,222.82
20240303,2024,3,3,117.65,164.58,223.12
20240304,2024,3,4,117.4,164.55,223.43
20240305,2024,3,5,117.15,164.5,223.77
20240306,2024,3,6,116.9,164.47,224.08
20240307,2024,3,7,116.63,164.43,224.42
20240308,2024,3,8,116.38,164.4,224.75
20240309,2024,3,9,116.13,164.37,225.08
20240310,2024,3,10,115.87,164.33,225.43
20240311,2024,3,11,115.62,164.3,225.78
20240312,2024,3,12,115.35,164.27,226.13
20240313,2024,3,13,115.08,164.23,226.5
20240314,2024,3,14,114.83,164.2,226.87
20240315,2024,3,15,114.57,164.18,227.23
20240316,2024,3,16,114.3,164.15,227.6
20240317,2024,3,17,114.05,164.13,227.98
20240318,2024,3,18,113.78,164.1,228.37
20240319,2024,3,19,113.52,164.08,228.75
20240320,2024,3,20,113.25,164.07,229.13
20240321,2024,3,21,112.98,164.03,229.52
20240322,2024,3,22,112.72,164.02,229.92
20240323,2024,3,23,112.45,164.0,230.32
20240324,2024,3,24,112.17,163.98,230.72
20240325,2024,3,25,111.9,163.95,231.12
20240326,2024,3,26,111.63,163.93,231.52
20240327,2024,3,27,111.37,163.92,231.93
20240328,2024,3,28,111.08,163.9,232.35
20240329,2024,3,29,110.82,163.87,232.75
20240330,2024,3,30,110.53,163.85,233.17
20240331,2024,3,31,110.27,163.83,233.58
20240401,2024,4,1,109.98,163.8,234.02
20240402,2024,4,2,109.7,163.78,234.43
20240403,2024,4,3,109.42,163.75,234.85
20240404,2024,4,4,109.13,163.73,235.28
20240405,2024,4,5,108.85,163.7,235.7
20240406,2024,4,6,108.57,163.67,236.13
20240407,2024,4,7,108.28,163.63,236.55
20240408,2024,4,8,108.0,163.6,236.98
20240409,2024,4,9,107.72,163.57,237.4
20240410,2024,4,10,107.43,163.53,237.83
20240411,2024,4,11,107.13,163.48,238.27
20240412,2024,4,12,106.85,163.45,238.68
20240413,2024,4,13,106.57,163.4,239.12
20240414,2024,4,14,106.27,163.35,239.53
20240415,2024,4,15,105.98,163.3,239.97
20240416,2024,4,16,105.68,163.25,240.38
20240417,2024,4,17,105.4,163.18,240.8
20240418,2024,4,18,105.1,163.13,241.23
20240419,2024,4,19,104.82,163.07,241.65
20240420,2024,4,20,104.52,163.0,242.07
20240421,2024,4,21,104.23,162.93,242.48
20240422,2024,4,22,103.93,162.85,242.9
20240423,2024,4,23,103.63,162.77,243.3
20240424,2024,4,24,103.35,162.68,243.72
20240425,2024,4,25,103.05,162.6,244.12
20240426,2024,4,26,102.77,162.5,244.52
20240427,2024,4,27,102.47,162.4,244.92
20240428,2024,4,28,102.17,162.3,245.3
20240429,2024,4,29,101.88,162.18,245.7
20240430,2024,4,30,101.58,162.07,246.08
20240501,2024,5,1,101.3,161.95,246.47
20240502,2024,5,2,101.02,161.82,246.85
20240503,2024,5,3,100.72,161.68,247.22
20240504,2024,5,4,100.43,161.55,247.58
20240505,2024,5,5,100.15,161.4,247.95
20240506,2024,5,6,99.87,161.25,248.3
20240507,2024,5,7,99.58,161.1,248.67
20240508,2024,5,8,99.3,160.93,249.0
20240509,2024,5,9,99.02,160.75,249.35
20240510,2024,5,10,98.75,160.57,249.68
20240511,2024,5,11,98.47,160.38,250.02
20240512,2024,5,12,98.2,160.2,250.33
20240513,2024,5,13,97.93,160.0,250.65
20240514,2024,5,14,97.67,159.8,250.95
20240515,2024,5,15,97.4,159.58,251.27
20240516,2024,5,16,97.13,159.37,251.55
20240517,2024,5,17,96.88,159.15,251.83
20240518,2024,5,18,96.63,158.92,252.12
20240519,2024,5,19,96.38,158.68,252.4
20240520,2024,5,20,96.13,158.45,252.65
20240521,2024,5,21,95.9,158.2,252.92
20240522,2024,5,22,95.67,157.95,253.17
20240523,2024,5,23,95.43,157.7,253.4
20240524,2024,5,24,95.2,157.43,253.63
20240525,2024,5,25,94.98,157.17,253.85
20240526,2024,5,26,94.77,156.9,254.07
20240527,2024,5,27,94.55,156.63,254.27
20240528,2024,5,28,94.35,156.35,254.47
20240529,2024,5,29,94.15,156.08,254.65
20240530,2024,5,30,93.95,155.8,254.83
20240531,2024,5,31,93.77,155.52,255.0
20240601,2024,6,1,93.58,155.23,255.15
20240602,2024,6,2,93.4,154.95,255.3
20240603,2024,6,3,93.23,154.67,255.43
20240604,2024,6,4,93.07,154.38,255.57
20240605,2024,6,5,92.9,154.12,255.68
20240606,2024,6,6,92.75,153.83,255.8
20240607,2024,6,7,92.6,153.55,255.9
20240608,2024,6,8,92.47,153.28,255.98
20240609,2024,6,9,92.33,153.02,256.05
20240610,2024,6,10,92.22,152.75,256.12
20240611,2024,6,11,92.1,152.5,256.18
20240612,2024,6,12,92.0,152.25,256.23
20240613,2024,6,13,91.9,152.0,256.27
20240614,2024,6,14,91.8,151.77,256.28
20240615,2024,6,15,91.72,151.53,256.3
20240616,2024,6,16,91.63,151.32,256.3
20240617,2024,6,17,91.57,151.12,256.3
20240618,2024,6,18,91.5,150.92,256.28
20240619,2024,6,19,91.45,150.72,256.27
20240620,2024,6,20,91.4,150.55,256.22
20240621,2024,6,21,91.37,150.38,256.18
20240622,2024,6,22,91.35,150.22,256.12
20240623,2024,6,23,91.32,150.08,256.05
20240624,2024,6,24,91.32,149.95,255.98
20240625,2024,6,25,91.3,149.83,255.88
20240626,2024,6,26,91.32,149.72,255.78
20240627,2024,6,27,91.32,149.63,255.68
20240628,2024,6,28,91.35,149.55,255.57
20240629,2024,6,29,91.37,149.48,255.45
20240630,2024,6,30,91.42,149.43,255.3
20240701,2024,7,1,91.45,149.4,255.17
20240702,2024,7,2,91.52,149.37,255.0
20240703,2024,7,3,91.57,149.35,254.85
20240704,2024,7,4,91.63,149.37,254.67
20240705,2024,7,5,91.72,149.37,254.5
20240706,2024,7,6,91.8,149.4,254.3
20240707,2024,7,7,91.9,149.45,254.12
20240708,2024,7,8,92.0,149.5,253.9
20240709,2024,7,9,92.12,149.57,253.7
20240710,2024,7,10,92.23,149.65,253.48
20240711,2024,7,11,92.37,149.75,253.25
20240712,2024,7,12,92.5,149.87,253.02
20240713,2024,7,13,92.63,149.98,252.78
20240714,2024,7,14,92.8,150.12,252.53
20240715,2024,7,15,92.95,150.27,252.28
20240716,2024,7,16,93.12,150.42,252.03
20240717,2024,7,17,93.3,150.58,251.77
20240718,2024,7,18,93.47,150.77,251.5
20240719,2024,7,19,93.67,150.95,251.23
20240720,2024,7,20,93.87,151.15,250.95
20240721,2024,7,21,94.07,151.37,250.67
20240722,2024,7,22,94.27,151.58,250.38
20240723,2024,7,23,94.48,151.8,250.1
20240724,2024,7,24,94.72,152.05,249.82
20240725,2024,7,25,94.95,152.28,249.52
20240726,2024,7,26,95.18,152.53,249.22
20240727,2024,7,27,95.43,152.8,248.92
20240728,2024,7,28,95.68,153.07,248.62
20240729,2024,7,29,95.93,153.33,248.3
20240730,2024,7,30,96.2,153.62,248.0
20240731,2024,7,31,96.47,153.9,247.68
20240801,2024,8,1,96.75,154.18,247.38
20240802,2024,8,2,97.03,154.48,247.07
20240803,2024,8,3,97.32,154.77,246.75
20240804,2024,8,4,97.62,155.08,246.45
20240805,2024,8,5,97.92,155.38,246.13
20240806,2024,8,6,98.22,155.7,245.82
20240807,2024,8,7,98.52,156.02,245.5
20240808,2024,8,8,98.83,156.33,245.18
20240809,2024,8,9,99.15,156.65,244.88
20240810,2024,8,10,99.48,156.97,244.57
20240811,2024,8,11,99.82,157.3,244.25
20240812,2024,8,12,100.15,157.62,243.95
20240813,2024,8,13,100.48,157.95,243.63
20240814,2024,8,14,100.83,158.28,243.33
20240815,2024,8,15,101.17,158.6,243.02
20240816,2024,8,16,101.52,158.93,242.72
20240817,2024,8,17,101.88,159.27,242.42
20240818,2024,8,18,102.23,159.6,242.12
20240819,2024,8,19,102.6,159.93,241.82
20240820,2024,8,20,102.97,160.27,241.52
20240821,2024,8,21,103.33,160.6,241.22
20240822,2024,8,22,103.7,160.93,240.93
20240823,2024,8,23,104.08,161.25,240.63
20240824,2024,8,24,104.47,161.58,240.35
20240825,2024,8,25,104.83,161.92,240.07
20240826,2024,8,26,105.22,162.23,239.78
20240827,2024,8,27,105.6,162.55,239.5
20240828,2024,8,28,106.0,162.88,239.22
20240829,2024,8,29,106.38,163.2,238.93
20240830,2024,8,30,106.78,163.52,238.67
20240831,2024,8,31,107.17,163.83,238.38
20240901,2024,9,1,107.57,164.13,238.12
20240902,2024,9,2,107.97,164.45,237.85
20240903,2024,9,3,108.35,164.75,237.58
20240904,2024,9,4,108.75,165.05,237.32
20240905,2024,9,5,109.15,165.35,237.05
20240906,2024,9,6,109.55,165.65,236.8
20240907,2024,9,7,109.95,165.95,236.53
20240908,2024,9,8,110.37,166.23,236.28
20240909,2024,9,9,110.77,166.52,236.03
20240910,2024,9,10,111.17,166.8,235.78
20240911,2024,9,11,111.57,167.08,235.53
20240912,2024,9,12,111.97,167.35,235.28
20240913,2024,9,13,112.37,167.63,235.05
20240914,2024,9,14,112.77,167.9,234.8
20240915,2024,9,15,113.17,168.15,234.57
20240916,2024,9,16,113.57,168.42,234.33
20240917,2024,9,17,113.97,168.67,234.08
20240918,2024,9,18,114.37,168.92,233.85
20240919,2024,9,19,114.77,169.17,233.62
20240920,2024,9,20,115.17,169.42,233.4
20240921,2024,9,21,115.55,169.65,233.17
20240922,2024,9,22,115.95,169.88,232.93
20240923,2024,9,23,116.33,170.12,232.72
20240924,2024,9,24,116.73,170.33,232.48
20240925,2024,9,25,117.12,170.55,232.27
20240926,2024,9,26,117.5,170.77,232.05
20240927,2024,9,27,117.88,170.98,231.83
20240928,2024,9,28,118.25,171.18,231.6
20240929,2024,9,29,118.63,171.38,231.38
20240930,2024,9,30,119.0,171.58,231.17
20241001,2024,10,1,119.38,171.77,230.95
20241002,2024,10,2,119.75,171.95,230.75
20241003,2024,10,3,120.12,172.13,230.53
20241004,2024,10,4,120.47,172.32,230.32
20241005,2024,10,5,120.83,172.48,230.1
20241006,2024,10,6,121.18,172.65,229.9
20241007,2024,10,7,121.53,172.8,229.68
20241008,2024,10,8,121.88,172.97,229.47
20241009,2024,10,9,122.22,173.12,229.27
20241010,2024,10,10,122.57,173.25,229.07
20241011,2024,10,11,122.9,173.4,228.85
20241012,2024,10,12,123.23,173.53,228.65
20241013,2024,10,13,123.55,173.67,228.45
20241014,2024,10,14,123.88,173.8,228.23
20241015,2024,10,15,124.2,173.92,228.03
20241016,2024,10,16,124.5,174.03,227.83
20241017,2024,10,17,124.82,174.13,227.63
20241018,2024,10,18,125.12,174.25,227.42
20241019,2024,10,19,125.42,174.35,227.22
20241020,2024,10,20,125.7,174.45,227.02
20241021,2024,10,21,126.0,174.53,226.82
20241022,2024,10,22,126.28,174.62,226.62
20241023,2024,10,23,126.55,174.7,226.42
20241024,2024,10,24,126.83,174.78,226.22
20241025,2024,10,25,127.1,174.85,226.02
20241026,2024,10,26,127.35,174.92,225.82
20241027,2024,10,27,127.62,174.98,225.62
20241028,2024,10,28,127.85,175.03,225.42
20241029,2024,10,29,128.1,175.08,225.22
20241030,2024,10,30,128.33,175.13,225.02
20241031,2024,10,31,128.57,175.17,224.82
20241101,2024,11,1,128.8,175.22,224.62
20241102,2024,11,2,129.02,175.23,224.43
20241103,2024,11,3,129.23,175.27,224.23
20241104,2024,11,4,129.43,175.28,224.03
20241105,2024,11,5,129.63,175.32,223.83
20241106,2024,11,6,129.83,175.32,223.63
20241107,2024,11,7,130.02,175.33,223.45
20241108,2024,11,8,130.2,175.33,223.25
20241109,2024,11,9,130.38,175.33,223.05
20241110,2024,11,10,130.55,175.33,222.87
20241111,2024,11,11,130.72,175.32,222.67
20241112,2024,11,12,130.87,175.32,222.48
20241113,2024,11,13,131.02,175.3,222.28
20241114,2024,11,14,131.17,175.27,222.1
20241115,2024,11,15,131.3,175.25,221.92
20241116,2024,11,16,131.43,175.22,221.72
20241117,2024,11,17,131.55,175.18,221.53
20241118,2024,11,18,131.67,175.15,221.35
20241119,2024,11,19,131.78,175.1,221.17
20241120,2024,11,20,131.88,175.07,220.98
20241121,2024,11,21,131.98,175.02,220.8
20241122,2024,11,22,132.08,174.95,220.62
20241123,2024,11,23,132.17,174.9,220.43
20241124,2024,11,24,132.23,174.83,220.27
20241125,2024,11,25,132.32,174.77,220.08
20241126,2024,11,26,132.38,174.7,219.9
20241127,2024,11,27,132.43,174.63,219.73
20241128,2024,11,28,132.48,174.57,219.57
20241129,2024,11,29,132.53,174.48,219.38
20241130,2024,11,30,132.57,174.4,219.22
20241201,2024,12,1,132.6,174.32,219.05
20241202,2024,12,2,132.63,174.23,218.88
20241203,2024,12,3,132.65,174.13,218.73
20241204,2024,12,4,132.67,174.05,218.57
20241205,2024,12,5,132.67,173.95,218.42
20241206,2024,12,6,132.68,173.85,218.25
20241207,2024,12,7,132.67,173.75,218.1
20241208,2024,12,8,132.67,173.65,217.95
20241209,2024,12,9,132.65,173.53,217.8
20241210,2024,12,10,132.62,173.43,217.67
20241211,2024,12,11,132.6,173.32,217.52
20241212,2024,12,12,132.55,173.2,217.38
20241213,2024,12,13,132.52,173.08,217.25
20241214,2024,12,14,132.47,172.97,217.12
20241215,2024,12,15,132.42,172.85,216.98
20241216,2024,12,16,132.37,172.73,216.87
20241217,2024,12,17,132.3,172.62,216.73
20241218,2024,12,18,132.23,172.48,216.62
20241219,2024,12,19,132.15,172.37,216.52
20241220,2024,12,20,132.08,172.23,216.4
20241221,2024,12,21,132.0,172.12,216.3
20241222,2024,12,22,131.9,171.98,216.18
20241223,2024,12,23,131.82,171.85,216.1
20241224,2024,12,24,131.72,171.72,216.0
20241225,2024,12,25,131.6,171.58,215.9
20241226,2024,12,26,131.5,171.45,215.82
20241227,2024,12,27,131.38,171.32,215.73
20241228,2024,12,28,131.27,171.18,215.67
20241229,2024,12,29,131.13,171.05,215.58
20241230,2024,12,30,131.02,170.92,215.52
20241231,2024,12,31,130.88,170.78,215.47
20250101,2025,1,1,130.73,170.65,215.4
20250102,2025,1,2,130.6,170.5,215.35
20250103,2025,1,3,130.45,170.37,215.3
20250104,2025,1,4,130.3,170.23,215.27
20250105,2025,1,5,130.15,170.1,215.22
20250106,2025,1,6,130.0,169.97,215.18
20250107,2025,1,7,129.83,169.83,215.17
20250108,2025,1,8,129.67,169.7,215.13
20250109,2025,1,9,129.5,169.55,215.13
20250110,2025,1,10,129.33,169.42,215.12
20250111,2025,1,11,129.17,169.28,215.12
20250112,2025,1,12,128.98,169.17,215.12
20250113,2025,1,13,128.8,169.03,215.12
20250114,2025,1,14,128.62,168.9,215.13
20250115,2025,1,15,128.43,168.77,215.15
20250116,2025,1,16,128.25,168.63,215.17
20250117,2025,1,17,128.05,168.52,215.2
20250118,2025,1,18,127.85,168.38,215.23
20250119,2025,1,19,127.67,168.27,215.28
20250120,2025,1,20,127.47,168.13,215.33
20250121,2025,1,21,127.27,168.02,215.38
20250122,2025,1,22,127.05,167.9,215.45
20250123,2025,1,23,126.85,167.77,215.52
20250124,2025,1,24,126.63,167.65,215.58
20250125,2025,1,25,126.43,167.53,215.67
20250126,2025,1,26,126.22,167.42,215.75
20250127,2025,1,27,126.0,167.3,215.85
20250128,2025,1,28,125.78,167.2,215.93
20250129,2025,1,29,125.57,167.08,216.05
20250130,2025,1,30,125.35,166.98,216.15
20250131,2025,1,31,125.12,166.87,216.27
20250201,2025,2,1,124.9,166.77,216.4
20250202,2025,2,2,124.68,166.67,216.53
20250203,2025,2,3,124.45,166.57,216.67
20250204,2025,2,4,124.22,166.47,216.8
20250205,2025,2,5,124.0,166.37,216.95
20250206,2025,2,6,123.77,166.27,217.12
20250207,2025,2,7,123.53,166.18,217.28
20250208,2025,2,8,123.3,166.08,217.45
20250209,2025,2,9,123.07,166.0,217.62
20250210,2025,2,10,122.83,165.92,217.8
20250211,2025,2,11,122.6,165.83,217.98
20250212,2025,2,12,122.37,165.75,218.18
20250213,2025,2,13,122.13,165.67,218.38
20250214,2025,2,14,121.88,165.6,218.6
20250215,2025,2,15,121.65,165.52,218.8
20250216,2025,2,16,121.42,165.45,219.03
20250217,2025,2,17,121.17,165.38,219.25
20250218,2025,2,18,120.93,165.32,219.48
20250219,2025,2,19,120.68,165.25,219.73
20250220,2025,2,20,120.43,165.18,219.97
20250221,2025,2,21,120.2,165.12,220.22
20250222,2025,2,22,119.95,165.05,220.48
20250223,2025,2,23,119.7,165.0,220.73
20250224,2025,2,24,119.47,164.93,221.0
20250225,2025,2,25,119.22,164.88,221.28
20250226,2025,2,26,118.97,164.83,221.57
20250227,2025,2,27,118.72,164.78,221.85
20250228,2025,2,28,118.47,164.73,222.13
20250301,2025,3,1,118.22,164.68,222.43
20250302,2025,3,2,117.97,164.63,222.73
20250303,2025,3,3,117.72,164.6,223.05
20250304,2025,3,4,117.47,164.55,223.37
20250305,2025,3,5,117.2,164.52,223.68
20250306,2025,3,6,116.95,164.47,224.0
20250307,2025,3,7,116.7,164.43,224.33
20250308,2025,3,8,116.45,164.4,224.67
20250309,2025,3,9,116.18,164.37,225.02
20250310,2025,3,10,115.93,164.33,225.35
20250311,2025,3,11,115.67,164.3,225.7
20250312,2025,3,12,115.42,164.27,226.05
20250313,2025,3,13,115.15,164.25,226.42
20250314,2025,3,14,114.9,164.22,226.78
20250315,2025,3,15,114.63,164.2,227.15
20250316,2025,3,16,114.37,164.17,227.52
20250317,2025,3,17,114.12,164.15,227.88
20250318,2025,3,18,113.85,164.12,228.27
20250319,2025,3,19,113.58,164.1,228.65
20250320,2025,3,20,113.32,164.08,229.03
20250321,2025,3,21,113.05,164.05,229.43
20250322,2025,3,22,112.78,164.03,229.82
20250323,2025,3,23,112.52,164.02,230.22
20250324,2025,3,24,112.25,163.98,230.62
20250325,2025,3,25,111.97,163.97,231.02
20250326,2025,3,26,111.7,163.95,231.43
20250327,2025,3,27,111.43,163.93,231.83
20250328,2025,3,28,111.15,163.9,232.25
20250329,2025,3,29,110.88,163.88,232.67
20250330,2025,3,30,110.6,163.87,233.07
20250331,2025,3,31,110.33,163.83,233.48
20250401,2025,4,1,110.05,163.82,233.92
20250402,2025,4,2,109.77,163.78,234.33
20250403,2025,4,3,109.48,163.77,234.75
20250404,2025,4,4,109.2,163.73,235.18
20250405,2025,4,5,108.92,163.7,235.6
20250406,2025,4,6,108.63,163.68,236.02
20250407,2025,4,7,108.35,163.65,236.45
20250408,2025,4,8,108.07,163.62,236.88
20250409,2025,4,9,107.78,163.58,237.3
20250410,2025,4,10,107.5,163.55,237.73
20250411,2025,4,11,107.22,163.5,238.17
20250412,2025,4,12,106.93,163.47,238.58
20250413,2025,4,13,106.63,163.42,239.02
20250414,2025,4,14,106.35,163.37,239.43
20250415,2025,4,15,106.05,163.33,239.87
20250416,2025,4,16,105.77,163.27,240.28
20250417,2025,4,17,105.47,163.22,240.72
20250418,2025,4,18,105.18,163.17,241.13
20250419,2025,4,19,104.88,163.1,241.55
20250420,2025,4,20,104.6,163.03,241.97
20250421,2025,4,21,104.3,162.95,242.38
20250422,2025,4,22,104.02,162.88,242.8
20250423,2025,4,23,103.72,162.8,243.2
20250424,2025,4,24,103.42,162.72,243.62
20250425,2025,4,25,103.13,162.63,244.02
20250426,2025,4,26,102.83,162.53,244.42
20250427,2025,4,27,102.53,162.43,244.82
20250428,2025,4,28,102.25,162.33,245.22
20250429,2025,4,29,101.95,162.22,245.6
20250430,2025,4,30,101.67,162.1,246.0
20250501,2025,5,1,101.37,161.98,246.38
20250502,2025,5,2,101.08,161.85,246.75
20250503,2025,5,3,100.8,161.72,247.13
20250504,2025,5,4,100.5,161.58,247.5
20250505,2025,5,5,100.22,161.43,247.87
20250506,2025,5,6,99.93,161.28,248.22
20250507,2025,5,7,99.65,161.13,248.58
20250508,2025,5,8,99.37,160.97,248.92
20250509,2025,5,9,99.08,160.8,249.27
20250510,2025,5,10,98.82,160.63,249.6
20250511,2025,5,11,98.53,160.45,249.93
20250512,2025,5,12,98.27,160.25,250.25
20250513,2025,5,13,98.0,160.07,250.58
20250514,2025,5,14,97.73,159.87,250.88
20250515,2025,5,15,97.47,159.65,251.18
20250516,2025,5,16,97.22,159.43,251.48
20250517,2025,5,17,96.95,159.22,251.78
20250518,2025,5,18,96.7,158.98,252.05
20250519,2025,5,19,96.45,158.75,252.33
20250520,2025,5,20,96.2,158.52,252.6
20250521,2025,5,21,95.97,158.27,252.85
20250522,2025,5,22,95.72,158.02,253.1
20250523,2025,5,23,95.48,157.77,253.35
20250524,2025,5,24,95.27,157.5,253.58
20250525,2025,5,25,95.03,157.25,253.8
20250526,2025,5,26,94.82,156.97,254.02
20250527,2025,5,27,94.6,156.7,254.23
20250528,2025,5,28,94.4,156.43,254.42
20250529,2025,5,29,94.2,156.15,254.62
20250530,2025,5,30,94.0,155.87,254.78
20250531,2025,5,31,93.8,155.58,254.95
20250601,2025,6,1,93.62,155.3,255.12
20250602,2025,6,2,93.43,155.02,255.27
20250603,2025,6,3,93.27,154.73,255.4
20250604,2025,6,4,93.1,154.45,255.53
20250605,2025,6,5,92.93,154.18,255.67
20250606,2025,6,6,92.78,153.9,255.77
20250607,2025,6,7,92.65,153.63,255.87
20250608,2025,6,8,92.5,153.35,255.97
20250609,2025,6,9,92.37,153.08,256.03
20250610,2025,6,10,92.25,152.83,256.12
20250611,2025,6,11,92.13,152.57,256.17
20250612,2025,6,12,92.02,152.32,256.22
20250613,2025,6,13,91.92,152.07,256.25
20250614,2025,6,14,91.82,151.83,256.28
20250615,2025,6,15,91.73,151.6,256.3
20250616,2025,6,16,91.65,151.38,256.32
20250617,2025,6,17,91.58,151.17,256.32
20250618,2025,6,18,91.52,150.97,256.3
20250619,2025,6,19,91.47,150.78,256.27
20250620,2025,6,20,91.42,150.6,256.23
20250621,2025,6,21,91.38,150.42,256.2
20250622,2025,6,22,91.35,150.27,256.13
20250623,2025,6,23,91.33,150.12,256.07
20250624,2025,6,24,91.32,149.98,256.0
20250625,2025,6,25,91.3,149.85,255.92
20250626,2025,6,26,91.3,149.75,255.82
20250627,2025,6,27,91.32,149.65,255.72
20250628,2025,6,28,91.33,149.57,255.6
20250629,2025,6,29,91.37,149.5,255.47
20250630,2025,6,30,91.4,149.43,255.33
20250701,2025,7,1,91.43,149.4,255.2
20250702,2025,7,2,91.5,149.37,255.05
20250703,2025,7,3,91.55,149.35,254.88
20250704,2025,7,4,91.62,149.35,254.72
20250705,2025,7,5,91.7,149.37,254.53
20250706,2025,7,6,91.78,149.38,254.35
20250707,2025,7,7,91.88,149.43,254.15
20250708,2025,7,8,91.98,149.48,253.95
20250709,2025,7,9,92.08,149.55,253.75
20250710,2025,7,10,92.2,149.63,253.53
20250711,2025,7,11,92.33,149.73,253.3
20250712,2025,7,12,92.47,149.83,253.08
20250713,2025,7,13,92.6,149.95,252.83
20250714,2025,7,14,92.75,150.08,252.6
20250715,2025,7,15,92.92,150.23,252.35
20250716,2025,7,16,93.08,150.38,252.1
20250717,2025,7,17,93.25,150.55,251.83
20250718,2025,7,18,93.43,150.72,251.57
20250719,2025,7,19,93.62,150.92,251.3
20250720,2025,7,20,93.82,151.1,251.02
20250721,2025,7,21,94.02,151.32,250.73
20250722,2025,7,22,94.22,151.52,250.45
20250723,2025,7,23,94.43,151.75,250.17
20250724,2025,7,24,94.67,151.98,249.88
20250725,2025,7,25,94.88,152.22,249.58
20250726,2025,7,26,95.13,152.47,249.28
20250727,2025,7,27,95.37,152.72,248.98
20250728,2025,7,28,95.62,152.98,248.68
20250729,2025,7,29,95.87,153.25,248.37
20250730,2025,7,30,96.13,153.53,248.07
20250731,2025,7,31,96.4,153.82,247.75
20250801,2025,8,1,96.68,154.1,247.45
20250802,2025,8,2,96.97,154.4,247.13
20250803,2025,8,3,97.25,154.7,246.83
20250804,2025,8,4,97.53,155.0,246.52
20250805,2025,8,5,97.83,155.3,246.2
20250806,2025,8,6,98.13,155.62,245.88
20250807,2025,8,7,98.45,155.93,245.58
20250808,2025,8,8,98.77,156.25,245.27
20250809,2025,8,9,99.08,156.57,244.95
20250810,2025,8,10,99.4,156.88,244.63
20250811,2025,8,11,99.73,157.22,244.33
20250812,2025,8,12,100.07,157.53,244.02
20250813,2025,8,13,100.4,157.87,243.72
20250814,2025,8,14,100.75,158.2,243.4
20250815,2025,8,15,101.08,158.53,243.1
20250816,2025,8,16,101.43,158.85,242.78
20250817,2025,8,17,101.8,159.18,242.48
20250818,2025,8,18,102.15,159.52,242.18
20250819,2025,8,19,102.52,159.85,241.88
20250820,2025,8,20,102.88,160.18,241.58
20250821,2025,8,21,103.25,160.52,241.28
20250822,2025,8,22,103.62,160.83,241.0
20250823,2025,8,23,103.98,161.17,240.7
20250824,2025,8,24,104.37,161.5,240.42
20250825,2025,8,25,104.75,161.82,240.12
20250826,2025,8,26,105.13,162.15,239.83
20250827,2025,8,27,105.52,162.47,239.55
20250828,2025,8,28,105.9,162.78,239.27
20250829,2025,8,29,106.28,163.1,239.0
20250830,2025,8,30,106.68,163.42,238.72
20250831,2025,8,31,107.07,163.73,238.45
20250901,2025,9,1,107.47,164.05,238.17
20250902,2025,9,2,107.87,164.37,237.9
20250903,2025,9,3,108.27,164.67,237.63
20250904,2025,9,4,108.67,164.97,237.37
20250905,2025,9,5,109.05,165.27,237.12
20250906,2025,9,6,109.47,165.57,236.85
20250907,2025,9,7,109.87,165.87,236.6
20250908,2025,9,8,110.27,166.15,236.33
20250909,2025,9,9,110.67,166.45,236.08
20250910,2025,9,10,111.07,166.73,235.83
20250911,2025,9,11,111.47,167.02,235.58
20250912,2025,9,12,111.87,167.28,235.35
20250913,2025,9,13,112.27,167.55,235.1
20250914,2025,9,14,112.67,167.83,234.85
20250915,2025,9,15,113.07,168.08,234.62
20250916,2025,9,16,113.47,168.35,234.38
20250917,2025,9,17,113.87,168.6,234.15
20250918,2025,9,18,114.27,168.85,233.9
20250919,2025,9,19,114.67,169.1,233.67
20250920,2025,9,20,115.07,169.35,233.45
20250921,2025,9,21,115.45,169.58,233.22
20250922,2025,9,22,115.85,169.82,232.98
20250923,2025,9,23,116.23,170.05,232.77
20250924,2025,9,24,116.63,170.27,232.53
20250925,2025,9,25,117.02,170.48,232.32
20250926,2025,9,26,117.4,170.7,232.08
20250927,2025,9,27,117.78,170.92,231.87
20250928,2025,9,28,118.17,171.12,231.65
20250929,2025,9,29,118.53,171.32,231.43
20250930,2025,9,30,118.92,171.52,231.22
20251001,2025,10,1,119.28,171.72,231.0
20251002,2025,10,2,119.65,171.9,230.78
20251003,2025,10,3,120.02,172.08,230.57
20251004,2025,10,4,120.38,172.27,230.37
20251005,2025,10,5,120.73,172.43,230.15
20251006,2025,10,6,121.1,172.6,229.93
20251007,2025,10,7,121.45,172.77,229.73
20251008,2025,10,8,121.8,172.92,229.52
20251009,2025,10,9,122.13,173.07,229.32
20251010,2025,10,10,122.48,173.22,229.1
20251011,2025,10,11,122.82,173.37,228.9
20251012,2025,10,12,123.15,173.5,228.7
20251013,2025,10,13,123.48,173.63,228.48
20251014,2025,10,14,123.8,173.77,228.28
20251015,2025,10,15,124.12,173.88,228.08
20251016,2025,10,16,124.43,174.0,227.88
20251017,2025,10,17,124.73,174.12,227.67
20251018,2025,10,18,125.05,174.22,227.47
20251019,2025,10,19,125.35,174.32,227.27
20251020,2025,10,20,125.63,174.42,227.07
20251021,2025,10,21,125.92,174.5,226.87
20251022,2025,10,22,126.2,174.6,226.67
20251023,2025,10,23,126.48,174.67,226.45
20251024,2025,10,24,126.75,174.75,226.25
20251025,2025,10,25,127.03,174.82,226.05
20251026,2025,10,26,127.28,174.88,225.85
20251027,2025,10,27,127.55,174.95,225.65
20251028,2025,10,28,127.8,175.02,225.45
20251029,2025,10,29,128.03,175.07,225.27
20251030,2025,10,30,128.28,175.12,225.07
20251031,2025,10,31,128.52,175.15,224.87
20251101,2025,11,1,128.73,175.2,224.67
20251102,2025,11,2,128.97,175.23,224.47
20251103,2025,11,3,129.17,175.25,224.27
20251104,2025,11,4,129.38,175.28,224.08
20251105,2025,11,5,129.58,175.3,223.88
20251106,2025,11,6,129.78,175.32,223.68
20251107,2025,11,7,129.97,175.33,223.48
20251108,2025,11,8,130.15,175.33,223.3
20251109,2025,11,9,130.33,175.33,223.1
20251110,2025,11,10,130.5,175.33,222.92
20251111,2025,11,11,130.67,175.32,222.72
20251112,2025,11,12,130.83,175.32,222.53
20251113,2025,11,13,130.98,175.3,222.33
20251114,2025,11,14,131.13,175.28,222.15
20251115,2025,11,15,131.27,175.25,221.95
20251116,2025,11,16,131.4,175.22,221.77
20251117,2025,11,17,131.52,175.18,221.58
20251118,2025,11,18,131.65,175.15,221.4
20251119,2025,11,19,131.75,175.12,221.2
20251120,2025,11,20,131.87,175.07,221.02
20251121,2025,11,21,131.97,175.02,220.83
20251122,2025,11,22,132.05,174.97,220.65
20251123,2025,11,23,132.13,174.9,220.48
20251124,2025,11,24,132.22,174.85,220.3
20251125,2025,11,25,132.3,174.78,220.12
20251126,2025,11,26,132.37,174.72,219.95
20251127,2025,11,27,132.42,174.65,219.77
20251128,2025,11,28,132.47,174.57,219.6
20251129,2025,11,29,132.52,174.5,219.43
20251130,2025,11,30,132.57,174.42,219.25
20251201,2025,12,1,132.6,174.33,219.08
20251202,2025,12,2,132.62,174.25,218.93
20251203,2025,12,3,132.65,174.15,218.77
20251204,2025,12,4,132.67,174.07,218.6
20251205,2025,12,5,132.67,173.97,218.45
20251206,2025,12,6,132.68,173.87,218.28
20251207,2025,12,7,132.67,173.77,218.13
20251208,2025,12,8,132.67,173.67,217.98
20251209,2025,12,9,132.65,173.57,217.83
20251210,2025,12,10,132.63,173.45,217.7
20251211,2025,12,11,132.6,173.35,217.55
20251212,2025,12,12,132.57,173.23,217.42
20251213,2025,12,13,132.53,173.12,217.28
20251214,2025,12,14,132.48,173.0,217.15
20251215,2025,12,15,132.43,172.88,217.02
20251216,2025,12,16,132.38,172.77,216.9
20251217,2025,12,17,132.32,172.65,216.77
20251218,2025,12,18,132.25,172.52,216.65
20251219,2025,12,19,132.17,172.4,216.53
20251220,2025,12,20,132.1,172.27,216.42
20251221,2025,12,21,132.02,172.13,216.32
20251222,2025,12,22,131.92,172.02,216.22
20251223,2025,12,23,131.83,171.88,216.12
20251224,2025,12,24,131.73,171.75,216.02
20251225,2025,12,25,131.63,171.62,215.93
20251226,2025,12,26,131.52,171.48,215.83
20251227,2025,12,27,131.4,171.35,215.75
20251228,2025,12,28,131.28,171.22,215.68
20251229,2025,12,29,131.17,171.08,215.6
20251230,2025,12,30,131.03,170.95,215.53
20251231,2025,12,31,130.9,170.82,215.47
